http://amazon.in/dp/B07K9R17Y5,  Best Sellers Rank:  #511 in Health & Personal Care (See Top 100 in Health & Personal Care)   #26 in Sanitary Napkins  ,
http://amazon.in/dp/B07K9KKBSY,  Best Sellers Rank:  #511 in Health & Personal Care (See Top 100 in Health & Personal Care)   #26 in Sanitary Napkins  ,
http://amazon.in/dp/B07K9SMF4L,  Best Sellers Rank:  #511 in Health & Personal Care (See Top 100 in Health & Personal Care)   #26 in Sanitary Napkins  ,
http://amazon.in/dp/B07KB13W1L,  Best Sellers Rank:  #2,487 in Health & Personal Care (See Top 100 in Health & Personal Care)   #81 in Sanitary Napkins  ,
http://amazon.in/dp/B07K9RL4SM,  Best Sellers Rank:  #2,487 in Health & Personal Care (See Top 100 in Health & Personal Care)   #81 in Sanitary Napkins  ,
http://amazon.in/dp/B07K9QT5K8,  Best Sellers Rank:  #2,487 in Health & Personal Care (See Top 100 in Health & Personal Care)   #81 in Sanitary Napkins  ,
http://amazon.in/dp/B07KB2X8FM,  Best Sellers Rank:  #2,717 in Health & Personal Care (See Top 100 in Health & Personal Care)   #87 in Sanitary Napkins  ,
http://amazon.in/dp/B07K9K2GDP,  Best Sellers Rank:  #2,717 in Health & Personal Care (See Top 100 in Health & Personal Care)   #87 in Sanitary Napkins  ,
http://amazon.in/dp/B07K9TQ2DX,  Best Sellers Rank:  #2,717 in Health & Personal Care (See Top 100 in Health & Personal Care)   #87 in Sanitary Napkins  ,
http://amazon.in/dp/B084Q7BWTP,  Best Sellers Rank:  #1,702 in Health & Personal Care (See Top 100 in Health & Personal Care)   #59 in Sanitary Napkins  ,
http://amazon.in/dp/B084QC1KH4,  Best Sellers Rank:  #1,702 in Health & Personal Care (See Top 100 in Health & Personal Care)   #59 in Sanitary Napkins  ,
http://amazon.in/dp/B084Q6Q5JW,  Best Sellers Rank:  #1,702 in Health & Personal Care (See Top 100 in Health & Personal Care)   #59 in Sanitary Napkins  ,
http://amazon.in/dp/B084QC8Y8Y,  Best Sellers Rank:  #447 in Health & Personal Care (See Top 100 in Health & Personal Care)   #24 in Sanitary Napkins  ,
http://amazon.in/dp/B084QG3NNT,  Best Sellers Rank:  #447 in Health & Personal Care (See Top 100 in Health & Personal Care)   #24 in Sanitary Napkins  ,
http://amazon.in/dp/B084Q6Z8DH,  Best Sellers Rank:  #447 in Health & Personal Care (See Top 100 in Health & Personal Care)   #24 in Sanitary Napkins  ,
http://amazon.in/dp/B09831YKWK,  Best Sellers Rank:  #3,124 in Health & Personal Care (See Top 100 in Health & Personal Care)   #14 in Menstrual Cups  ,
http://amazon.in/dp/B0982YNBK3,  Best Sellers Rank:  #3,124 in Health & Personal Care (See Top 100 in Health & Personal Care)   #14 in Menstrual Cups  ,
http://amazon.in/dp/B09F3NDZW3,  Best Sellers Rank:  #3,124 in Health & Personal Care (See Top 100 in Health & Personal Care)   #14 in Menstrual Cups  ,
http://amazon.in/dp/B08P5LS14F,  Best Sellers Rank:  #2,585 in Health & Personal Care (See Top 100 in Health & Personal Care)   #10 in Pantyliners  ,
http://amazon.in/dp/B08P5LWC2F,  Best Sellers Rank:  #2,148 in Health & Personal Care (See Top 100 in Health & Personal Care)   #72 in Sanitary Napkins  ,
http://amazon.in/dp/B09F3MR17C,  Best Sellers Rank:  #1,833 in Clothing & Accessories (See Top 100 in Clothing & Accessories)   #17 in Women's Briefs  ,
http://amazon.in/dp/B09F3MR3J7,  Best Sellers Rank:  #1,833 in Clothing & Accessories (See Top 100 in Clothing & Accessories)   #17 in Women's Briefs  ,
http://amazon.in/dp/B09F6782LC,  Best Sellers Rank:  #1,833 in Clothing & Accessories (See Top 100 in Clothing & Accessories)   #17 in Women's Briefs  ,
http://amazon.in/dp/B09F6P2CYY,  Best Sellers Rank:  #9,803 in Beauty (See Top 100 in Beauty)   #168 in Facial Kit  ,
http://amazon.in/dp/B09F6Q6S84,  Best Sellers Rank:  #7,208 in Beauty (See Top 100 in Beauty)   #117 in Facial Kit  ,
http://amazon.in/dp/B09F6K46VZ,  Best Sellers Rank:  #1,564 in Health & Personal Care (See Top 100 in Health & Personal Care)   #5 in Massage Stones  ,
http://amazon.in/dp/B09HMZDXT4,  Best Sellers Rank:  #1,833 in Clothing & Accessories (See Top 100 in Clothing & Accessories)   #17 in Women's Briefs  ,
http://amazon.in/dp/B09F3NS2GP,  Best Sellers Rank:  #1,833 in Clothing & Accessories (See Top 100 in Clothing & Accessories)   #17 in Women's Briefs  ,
http://amazon.in/dp/B09F9FD5RD,  Best Sellers Rank:  #13,304 in Health & Personal Care (See Top 100 in Health & Personal Care)   #280 in Sanitary Napkins  ,
http://amazon.in/dp/B09F9CWL1B,  Best Sellers Rank:  #13,304 in Health & Personal Care (See Top 100 in Health & Personal Care)   #280 in Sanitary Napkins  ,
http://amazon.in/dp/B09F9CY7KH,  Best Sellers Rank:  #13,304 in Health & Personal Care (See Top 100 in Health & Personal Care)   #280 in Sanitary Napkins  ,
http://amazon.in/dp/B09F9DBYW7,  Best Sellers Rank:  #17,080 in Health & Personal Care (See Top 100 in Health & Personal Care)   #341 in Sanitary Napkins  ,
http://amazon.in/dp/B09F9C7Q2W,  Best Sellers Rank:  #17,080 in Health & Personal Care (See Top 100 in Health & Personal Care)   #341 in Sanitary Napkins  ,
http://amazon.in/dp/B09F9D7X3K,  Best Sellers Rank:  #17,080 in Health & Personal Care (See Top 100 in Health & Personal Care)   #341 in Sanitary Napkins  ,
http://amazon.in/dp/B0866XTBXW,  Best Sellers Rank:  #66,623 in Health & Personal Care (See Top 100 in Health & Personal Care)   #1,334 in Pain Relief Creams, Gels & Sprays  ,
http://amazon.in/dp/B07ZK61Q55,  Best Sellers Rank:  #13,702 in Health & Personal Care (See Top 100 in Health & Personal Care)   #25 in Bedside Commodes  ,
http://amazon.in/dp/B08WCMZL8T,  Best Sellers Rank:  #1,400 in Health & Personal Care (See Top 100 in Health & Personal Care)   #1 in Sitz Baths  ,
http://amazon.in/dp/B011BFXO7S,  Best Sellers Rank:  #1,957 in Health & Personal Care (See Top 100 in Health & Personal Care)   #2 in Sitz Baths  ,
http://amazon.in/dp/B0814PNMMN,  Best Sellers Rank:  #2,935 in Health & Personal Care (See Top 100 in Health & Personal Care)   #3 in Sitz Baths  ,
http://amazon.in/dp/B09JRL23WB,  Best Sellers Rank:  #300,767 in Beauty (See Top 100 in Beauty)   #592 in Bath Salts  ,
http://amazon.in/dp/B07BZP7WPB,Could not find,
http://amazon.in/dp/B08RDT1RWW,Could not find,
http://amazon.in/dp/B08RDSF8JP,Could not find,
http://amazon.in/dp/B08RDSRB9R,Could not find,
http://amazon.in/dp/B07NC6LY1K,Could not find,
http://amazon.in/dp/B092D2NDYZ,Could not find,
http://amazon.in/dp/B092D2HX93,Could not find,
http://amazon.in/dp/B07KTXLQYF,Could not find,
http://amazon.in/dp/B07R13YG8J,Could not find,
http://amazon.in/dp/B08RDRRN9P,Could not find,
http://amazon.in/dp/B07KTXJDWS,Could not find,
http://amazon.in/dp/B0977BC7G1,Could not find,
http://amazon.in/dp/B07BXJ4SYB,Could not find,
http://amazon.in/dp/B08H87CXNR,Could not find,
http://amazon.in/dp/B097PG9SBW,Could not find,
http://amazon.in/dp/B07RZZ1QSW,Could not find,
http://amazon.in/dp/B0B2R6BF1R,  Best Sellers Rank:  #14,029 in Health & Personal Care (See Top 100 in Health & Personal Care)   #220 in Electric Handheld Massagers  ,
http://amazon.in/dp/B09P3TB8KQ,Could not find,
http://amazon.in/dp/B09P3S9ZZ6,Could not find,
http://amazon.in/dp/B09P3RPGH8,  Best Sellers Rank:  #2,998 in Health & Personal Care (See Top 100 in Health & Personal Care)   #28 in Back Braces  ,
http://amazon.in/dp/B09LMJ43C4,  Best Sellers Rank:  #2,998 in Health & Personal Care (See Top 100 in Health & Personal Care)   #28 in Back Braces  ,
http://amazon.in/dp/B09P3V69J6,Could not find,
http://amazon.in/dp/B09P3Q2HKY,Could not find,
http://amazon.in/dp/B09P3P5N3X,Could not find,
http://amazon.in/dp/B09P3FVPB1,Could not find,
http://amazon.in/dp/B09P3DJRNQ,  Best Sellers Rank:  #15,126 in Health & Personal Care (See Top 100 in Health & Personal Care)   #143 in Knee & Leg Braces  ,
http://amazon.in/dp/B09P1NS1JY,Could not find,
http://amazon.in/dp/B09QGS2NGL,  Best Sellers Rank:  #44,850 in Health & Personal Care (See Top 100 in Health & Personal Care)   #485 in Knee & Leg Braces  ,
http://amazon.in/dp/B09NQ7MS6J,  Best Sellers Rank:  #44,850 in Health & Personal Care (See Top 100 in Health & Personal Care)   #485 in Knee & Leg Braces  ,
http://amazon.in/dp/B09NQ6RTDG,Could not find,
http://amazon.in/dp/B09NQ77MTX,  Best Sellers Rank:  #44,850 in Health & Personal Care (See Top 100 in Health & Personal Care)   #485 in Knee & Leg Braces  ,
http://amazon.in/dp/B09NN9HJZJ,Could not find,
http://amazon.in/dp/B09NMB2C8X,Could not find,
http://amazon.in/dp/B09NMDC8CS,Could not find,
http://amazon.in/dp/B09NMB78DP,Could not find,
http://amazon.in/dp/B09NM9S452,Could not find,
http://amazon.in/dp/B09NMBCCQK,Could not find,
http://amazon.in/dp/B09NJN588W,  Best Sellers Rank:  #15,126 in Health & Personal Care (See Top 100 in Health & Personal Care)   #143 in Knee & Leg Braces  ,
http://amazon.in/dp/B09NKYDFNL,Could not find,
http://amazon.in/dp/B09KVB7S64,  Best Sellers Rank:  #14,075 in Beauty (See Top 100 in Beauty)   #25 in Bath Salts  ,
http://amazon.in/dp/B09NNG53YN,Could not find,
http://amazon.in/dp/,Could not find,
http://amazon.in/dp/,Could not find,
http://amazon.in/dp/B09Q34XQ5B,Could not find,
http://amazon.in/dp/B075JMTVHV,  Best Sellers Rank:  #54,704 in Health & Personal Care (See Top 100 in Health & Personal Care)   #45 in Body Fat Analyzers  ,
http://amazon.in/dp/B0B3DJ59Y6,Could not find,
http://amazon.in/dp/B0B3DFDY4B,Could not find,
http://amazon.in/dp/B09QL97H6W,  Best Sellers Rank:  #56,094 in Health & Personal Care (See Top 100 in Health & Personal Care)   #53 in Massage Sticks  ,
http://amazon.in/dp/B09QGX5RTS,Could not find,
http://amazon.in/dp/B09SGBQFCJ,Could not find,
http://amazon.in/dp/B09WYC55KN,  Best Sellers Rank:  #29,106 in Sports, Fitness & Outdoors (See Top 100 in Sports, Fitness & Outdoors)   #136 in Foam Rollers  ,
http://amazon.in/dp/B09WXY6PNZ,  Best Sellers Rank:  #29,106 in Sports, Fitness & Outdoors (See Top 100 in Sports, Fitness & Outdoors)   #136 in Foam Rollers  ,
http://amazon.in/dp/B09WY48CBJ,  Best Sellers Rank:  #29,106 in Sports, Fitness & Outdoors (See Top 100 in Sports, Fitness & Outdoors)   #136 in Foam Rollers  ,
http://amazon.in/dp/B09WXR1XHQ,  Best Sellers Rank:  #29,106 in Sports, Fitness & Outdoors (See Top 100 in Sports, Fitness & Outdoors)   #136 in Foam Rollers  ,
http://amazon.in/dp/B09Q15S2VQ,Could not find,
http://amazon.in/dp/B09Q14CYHW,Could not find,
http://amazon.in/dp/B09SG71T2G,Could not find,
http://amazon.in/dp/B09WV98HHP,Could not find,
http://amazon.in/dp/B09WV7PHVP,Could not find,
http://amazon.in/dp/B09WV7VVHQ,Could not find,
http://amazon.in/dp/,Could not find,
http://amazon.in/dp/B09WV4Y4BX,Could not find,
http://amazon.in/dp/B09WV9F8PJ,Could not find,
http://amazon.in/dp/B09RH3TB3H,  Best Sellers Rank:  #1,833 in Clothing & Accessories (See Top 100 in Clothing & Accessories)   #17 in Women's Briefs  ,
http://amazon.in/dp/B09SGB4NW1,Could not find,
http://amazon.in/dp/B09SGB1V3G,Could not find,
http://amazon.in/dp/,Could not find,
http://amazon.in/dp/B09SL2FYQB,Could not find,
http://amazon.in/dp/B09SKYNQ18,Could not find,
http://amazon.in/dp/B09VN4849S,Could not find,
http://amazon.in/dp/B09STH58CX,Could not find,
http://amazon.in/dp/B09SQ4RP3Q,Could not find,
http://amazon.in/dp/B09SQ5RMP6,Could not find,
http://amazon.in/dp/,Could not find,
http://amazon.in/dp/B09SG6ZLHJ,Could not find,
http://amazon.in/dp/B09SG6V5Q2,Could not find,
http://amazon.in/dp/B09SG8B5PG,Could not find,
http://amazon.in/dp/B09SG99R12,Could not find,
http://amazon.in/dp/B09SG8NZTN,Could not find,
http://amazon.in/dp/,Could not find,
http://amazon.in/dp/B09X5VRW4K,Could not find,
http://amazon.in/dp/B09X5VS8VH,Could not find,
http://amazon.in/dp/B09X5V5DFS,Could not find,
http://amazon.in/dp/B09X5VXTRS,Could not find,
http://amazon.in/dp/B09X5ZSDSX,Could not find,
http://amazon.in/dp/B09X5VJRKL,Could not find,
http://amazon.in/dp/B09VPWN169,Could not find,
http://amazon.in/dp/B09VPV7ZCP,Could not find,
http://amazon.in/dp/B09VPRJC1X,Could not find,
http://amazon.in/dp/B09VPVD4FF,Could not find,
http://amazon.in/dp/,Could not find,
http://amazon.in/dp/B09X77KGLK,  Best Sellers Rank:  #12,427 in Beauty (See Top 100 in Beauty)   #336 in Face Masks  ,
http://amazon.in/dp/B09VPX4QBL,  Best Sellers Rank:  #10,398 in Health & Personal Care (See Top 100 in Health & Personal Care)   #1,229 in Tools & Accessories  #2,506 in Personal Care (Health & Personal Care)  #6,453 in Skin Care (Beauty)  ,
http://amazon.in/dp/B09VPVM5LH,  Best Sellers Rank:  #10,398 in Health & Personal Care (See Top 100 in Health & Personal Care)   #1,229 in Tools & Accessories  #2,506 in Personal Care (Health & Personal Care)  #6,453 in Skin Care (Beauty)  ,
http://amazon.in/dp/,Could not find,
http://amazon.in/dp/B09X74QW62,  Best Sellers Rank:  #8,530 in Health & Personal Care (See Top 100 in Health & Personal Care)   #37 in Women's Disposable Razors  ,
http://amazon.in/dp/,Could not find,
http://amazon.in/dp/,Could not find,
http://amazon.in/dp/,Could not find,
http://amazon.in/dp/,Could not find,
http://amazon.in/dp/,Could not find,
http://amazon.in/dp/,Could not find,
http://amazon.in/dp/,Could not find,
http://amazon.in/dp/,Could not find,
http://amazon.in/dp/,Could not find,
http://amazon.in/dp/,Could not find,
http://amazon.in/dp/,Could not find,
http://amazon.in/dp/,Could not find,
http://amazon.in/dp/,Could not find,
http://amazon.in/dp/,Could not find,
http://amazon.in/dp/,Could not find,
http://amazon.in/dp/B0B2JNYQVZ,Could not find,
http://amazon.in/dp/B0B1JCJGXZ,Could not find,
http://amazon.in/dp/B0B1J8JVBF,Could not find,
http://amazon.in/dp/B0B1J9BJR8,Could not find,
http://amazon.in/dp/B0B1J9LMJ8,Could not find,
http://amazon.in/dp/B0B17C2HXY,Could not find,
http://amazon.in/dp/,Could not find,
http://amazon.in/dp/,Could not find,
http://amazon.in/dp/,Could not find,
http://amazon.in/dp/,Could not find,
http://amazon.in/dp/,Could not find,
http://amazon.in/dp/,Could not find,
http://amazon.in/dp/,Could not find,
http://amazon.in/dp/,Could not find,
http://amazon.in/dp/,Could not find,
http://amazon.in/dp/B09YHPQGTW,Could not find,
http://amazon.in/dp/B09YHPGK3S,Could not find,
http://amazon.in/dp/B09YHQYPYV,Could not find,
http://amazon.in/dp/,Could not find,
http://amazon.in/dp/,Could not find,
http://amazon.in/dp/B0B1M9YP3V,  Best Sellers Rank:  #1,564 in Health & Personal Care (See Top 100 in Health & Personal Care)   #5 in Massage Stones  ,
http://amazon.in/dp/B0B2JWBH4W,  Best Sellers Rank:  #29,102 in Beauty (See Top 100 in Beauty)   #50 in Facial Rollers  ,
http://amazon.in/dp/,Could not find,
http://amazon.in/dp/B0B38LR5XR,Could not find,
